id,abbreviation,type,isActive,color,price,totalPoints,nnTotalPoints,priceChange,percentOwned,x2PercentOwned,constructorId,pointsPerMillion,sprintPosition,sprintFastestLap,sprintPositionsGained,sprintOvertakes,sprintDnf,qualifyingPosition,racePosition,raceFastestLap,raceDnf,racePositionsGained,raceOvertakes,raceDriverOfTheDay,sessionResult.positionPoints.points,sessionResult.positionPoints.text,sessionResult.positionPoints.nnPoints,sessionResult.notClassifiedPoints.points,sessionResult.notClassifiedPoints.text,sessionResult.notClassifiedPoints.nnPoints,sessionResult.disqualifiedPoints.points,sessionResult.disqualifiedPoints.text,sessionResult.disqualifiedPoints.nnPoints,sessionResult.totalPoints.points,sessionResult.totalPoints.text,sessionResult.totalPoints.nnPoints,sessionResult.teamworkPoints.points,sessionResult.teamworkPoints.text,sessionResult.teamworkPoints.nnPoints,sessionPoints,sessionNnPoints
ALP_COL,COL,driver,True,#ff87bc,7,4,5,0.6,17,0,ALP,0.5714285714285714,,,,,,15,16,False,False,-1,5,False,0,15th place,0,0,Not Classified,0,0,Disqualified,0,0,Qualifying Points,0,0,,0,0,0
ALP_GAS,GAS,driver,True,#ff87bc,12.8,14,14,0.2,17,1,ALP,1.09375,,,,,,7,7,False,False,0,4,False,4,7th place,4,0,Not Classified,0,0,Disqualified,0,4,Qualifying Points,4,0,,0,4,4
AST_ALO,ALO,driver,True,#006f62,8.8,4,4,-0.6,7,0,AST,0.45454545454545453,,,,,,21,18,False,False,3,1,False,0,21st place,0,0,Not Classified,0,0,Disqualified,0,0,Qualifying Points,0,0,,0,0,0
AST_STR,STR,driver,True,#006f62,6.8,-17,3,-0.6,3,0,AST,-2.5,,,,,,22,NC,False,True,0,3,False,0,22nd place,0,0,Not Classified,0,0,Disqualified,0,0,Qualifying Points,0,0,,0,0,0
AUD_BOR,BOR,driver,True,#FF2E01,6.4,3,7,-0.6,31,0,AUD,0.46875,,,,,,9,13,False,False,-4,5,False,2,9th place,2,0,Not Classified,0,0,Disqualified,0,2,Qualifying Points,2,0,,0,2,2
AUD_HUL,HUL,driver,True,#FF2E01,5.6,10,10,-0.6,32,0,AUD,1.7857142857142858,,,,,,13,11,False,False,2,8,False,0,13th place,0,0,Not Classified,0,0,Disqualified,0,0,Qualifying Points,0,0,,0,0,0
CAD_BOT,BOT,driver,True,#777777,4.7,2,2,-0.6,21,0,CAD,0.425531914893617,,,,,,20,19,False,False,1,1,False,0,20th place,0,0,Not Classified,0,0,Disqualified,0,0,Qualifying Points,0,0,,0,0,0
CAD_PER,PER,driver,True,#777777,6.4,4,4,0.6,19,0,CAD,0.625,,,,,,19,17,False,False,2,2,False,0,19th place,0,0,Not Classified,0,0,Disqualified,0,0,Qualifying Points,0,0,,0,0,0
FER_HAM,HAM,driver,True,#dc0000,22.9,19,19,0.3,16,8,FER,0.8296943231441049,,,,,,6,6,False,False,0,6,False,5,6th place,5,0,Not Classified,0,0,Disqualified,0,5,Qualifying Points,5,0,,0,5,5
FER_LEC,LEC,driver,True,#dc0000,23.4,31,31,0.3,30,17,FER,1.324786324786325,,,,,,4,3,False,False,1,8,False,7,4th place,7,0,Not Classified,0,0,Disqualified,0,7,Qualifying Points,7,0,,0,7,7
HAA_BEA,BEA,driver,True,#ffffff,8.6,-14,6,0.6,62,2,HAA,-1.627906976744186,,,,,,18,NC,False,True,0,6,False,0,18th place,0,0,Not Classified,0,0,Disqualified,0,0,Qualifying Points,0,0,,0,0,0
HAA_OCO,OCO,driver,True,#ffffff,8.5,9,9,0.6,15,0,HAA,1.0588235294117647,,,,,,12,10,False,False,2,6,False,0,12th place,0,0,Not Classified,0,0,Disqualified,0,0,Qualifying Points,0,0,,0,0,0
MCL_NOR,NOR,driver,True,#ff9800,26.8,24,24,-0.3,7,5,MCL,0.8955223880597015,,,,,,5,5,False,False,0,8,False,6,5th place,6,0,Not Classified,0,0,Disqualified,0,6,Qualifying Points,6,0,,0,6,6
MCL_PIA,PIA,driver,True,#ff9800,24.9,43,43,-0.3,10,6,MCL,1.7269076305220885,,,,,,3,2,False,False,1,6,True,8,3rd place,8,0,Not Classified,0,0,Disqualified,0,8,Qualifying Points,8,0,,0,8,8
MER_ANT,ANT,driver,True,#00d2be,23.8,50,50,0.3,26,14,MER,2.100840336134454,,,,,,1,1,True,False,0,5,False,10,Pole position,10,0,Not Classified,0,0,Disqualified,0,10,Qualifying Points,10,0,,0,10,10
MER_RUS,RUS,driver,True,#00d2be,28,27,29,0.3,32,25,MER,0.9642857142857143,,,,,,2,4,False,False,-2,8,False,9,2nd place,9,0,Not Classified,0,0,Disqualified,0,9,Qualifying Points,9,0,,0,9,9
RED_HAD,HAD,driver,True,#0600ef,13.9,5,9,-0.6,31,3,RED,0.3597122302158273,,,,,,8,12,False,False,-4,6,False,3,8th place,3,0,Not Classified,0,0,Disqualified,0,3,Qualifying Points,3,0,,0,3,3
RED_VER,VER,driver,True,#0600ef,28.1,13,13,0.1,18,14,RED,0.4626334519572953,,,,,,11,8,False,False,3,6,False,0,11th place,0,0,Not Classified,0,0,Disqualified,0,0,Qualifying Points,0,0,,0,0,0
VRB_LAW,LAW,driver,True,#6692ff,6.9,10,10,0.6,29,0,VRB,1.4492753623188406,,,,,,14,9,False,False,5,3,False,0,14th place,0,0,Not Classified,0,0,Disqualified,0,0,Qualifying Points,0,0,,0,0,0
VRB_LIN,LIN,driver,True,#6692ff,7.4,1,5,0.2,44,1,VRB,0.13513513513513511,,,,,,10,14,False,False,-4,4,False,1,10th place,1,0,Not Classified,0,0,Disqualified,0,1,Qualifying Points,1,0,,0,1,1
WIL_ALB,ALB,driver,True,#005aff,10.8,-1,2,-0.6,8,0,WIL,-0.09259259259259259,,,,,,17,20,False,False,-3,2,False,0,17th place,0,0,Not Classified,0,0,Disqualified,0,0,Qualifying Points,0,0,,0,0,0
WIL_SAI,SAI,driver,True,#005aff,12.2,4,4,0.2,25,1,WIL,0.3278688524590164,,,,,,16,15,False,False,1,3,False,0,16th place,0,0,Not Classified,0,0,Disqualified,0,0,Qualifying Points,0,0,,0,0,0
