id,abbreviation,type,color,price,totalPoints,nnTotalPoints,priceChange,percentOwned,pointsPerMillion,sprintPosition,sprintFastestLap,sprintPositionsGained,sprintOvertakes,sprintDnf,qualifyingPosition,racePosition,raceFastestLap,raceDnf,racePositionsGained,raceOvertakes,raceOverallFastestPitStop,sessionResult.positionPoints.points,sessionResult.positionPoints.text,sessionResult.positionPoints.nnPoints,sessionResult.notClassifiedPoints.points,sessionResult.notClassifiedPoints.text,sessionResult.notClassifiedPoints.nnPoints,sessionResult.disqualifiedPoints.points,sessionResult.disqualifiedPoints.text,sessionResult.disqualifiedPoints.nnPoints,sessionResult.totalPoints.points,sessionResult.totalPoints.text,sessionResult.totalPoints.nnPoints,sessionResult.fastestLapPoints.points,sessionResult.fastestLapPoints.text,sessionResult.fastestLapPoints.nnPoints,sessionResult.overtakes.points,sessionResult.overtakes.text,sessionResult.overtakes.nnPoints,sessionResult.positionsGained.points,sessionResult.positionsGained.text,sessionResult.positionsGained.nnPoints,sessionResult.dotdPoints.points,sessionResult.dotdPoints.text,sessionResult.dotdPoints.nnPoints,sessionResult.fastestPitStopPoints.points,sessionResult.fastestPitStopPoints.text,sessionResult.fastestPitStopPoints.nnPoints,sessionResult.overallFastestPitStopPoints.points,sessionResult.overallFastestPitStopPoints.text,sessionResult.overallFastestPitStopPoints.nnPoints,sessionResult.worldRecordPitStopPoints.points,sessionResult.worldRecordPitStopPoints.text,sessionResult.worldRecordPitStopPoints.nnPoints,sessionPoints,sessionNnPoints
ALP,ALP,constructor,#ff87bc,8.8,-12,8,-0.2,7,-1.3636363636363635,,,,,,,,False,1,0,1,False,1,10th place,1,-20,Not Classified,0,0,Disqualified,0,-18,Race Points,2,0,Fastest Lap,0,1,1 overtake made,1,0,No positions gained or lost,0,0,Driver of the Day,0,0,,0,0,Overall fastest pit stop,0,0,World record pit stop,0,-18,2
AST,AST,constructor,#006f62,15.1,13,13,0.1,20,0.8609271523178809,,,,,,,,False,0,2,5,False,0,11th & 14th place,0,0,Not Classified,0,0,Disqualified,0,12,Race Points,12,0,Fastest Lap,0,5,3 & 2 overtakes made,5,2,3 positions gained & 1 position lost,2,0,Driver of the Day,0,5,2nd fastest pit stop,5,0,Overall fastest pit stop,0,0,World record pit stop,0,12,12
FER,FER,constructor,#dc0000,22.1,68,68,1,41,3.0769230769230766,,,,,,,,False,0,0,0,False,40,1st & 3rd place,40,0,Not Classified,0,0,Disqualified,0,40,Race Points,40,0,Fastest Lap,0,0,No overtakes made,0,0,No positions gained or lost,0,0,Driver of the Day,0,0,,0,0,Overall fastest pit stop,0,0,World record pit stop,0,40,40
HAA,HAA,constructor,#ffffff,9.2,-65,5,-0.2,15,-7.065217391304349,,,,,,,,False,2,0,5,False,0,None Classified,0,-40,Not Classified,0,0,Disqualified,0,-35,Race Points,5,0,Fastest Lap,0,5,3 & 2 overtakes made,5,0,No positions gained or lost,0,0,Driver of the Day,0,0,,0,0,Overall fastest pit stop,0,0,World record pit stop,0,-35,5
KCK,KCK,constructor,#00E701,6.3,12,13,0.5,8,1.9047619047619049,,,,,,,,False,0,6,4,False,0,13th & 16th place,0,0,Not Classified,0,0,Disqualified,0,13,Race Points,13,0,Fastest Lap,0,4,4 overtakes made,4,6,4 & 2 positions gained,6,0,Driver of the Day,0,3,3rd fastest pit stop,3,0,Overall fastest pit stop,0,0,World record pit stop,0,13,13
MCL,MCL,constructor,#ff9800,24.5,56,56,1,18,2.2857142857142856,,,,,,,,False,0,0,0,False,30,2nd & 4th place,30,0,Not Classified,0,0,Disqualified,0,30,Race Points,30,0,Fastest Lap,0,0,No overtakes made,0,0,No positions gained or lost,0,0,Driver of the Day,0,0,,0,0,Overall fastest pit stop,0,0,World record pit stop,0,30,30
MER,MER,constructor,#00d2be,20.6,46,46,1,14,2.233009708737864,,,,,,,,True,0,0,0,False,16,5th & 7th place,16,0,Not Classified,0,0,Disqualified,0,26,Race Points,26,10,Fastest Lap,10,0,No overtakes made,0,0,No positions gained or lost,0,0,Driver of the Day,0,0,,0,0,Overall fastest pit stop,0,0,World record pit stop,0,26,26
RED,RED,constructor,#0600ef,28.8,8,28,0,28,0.2777777777777778,,,,,,,,False,1,0,0,False,8,6th place,8,-20,Not Classified,0,0,Disqualified,0,-2,Race Points,18,0,Fastest Lap,0,0,No overtakes made,0,0,No positions gained or lost,0,0,Driver of the Day,0,10,Fastest pit stop,10,0,Overall fastest pit stop,0,0,World record pit stop,0,-2,18
VRB,VRB,constructor,#6692ff,8.8,12,12,0.5,32,1.3636363636363635,,,,,,,,False,0,0,0,False,4,8th & 12th place,4,0,Not Classified,0,0,Disqualified,0,4,Race Points,4,0,Fastest Lap,0,0,No overtakes made,0,0,No positions gained or lost,0,0,Driver of the Day,0,0,,0,0,Overall fastest pit stop,0,0,World record pit stop,0,4,4
WIL,WIL,constructor,#005aff,6,11,11,0.5,17,1.8333333333333333,,,,,,,,False,0,0,2,False,2,9th & 15th place,2,0,Not Classified,0,0,Disqualified,0,4,Race Points,4,0,Fastest Lap,0,2,1 & 1 overtakes made,2,0,No positions gained or lost,0,0,Driver of the Day,0,0,,0,0,Overall fastest pit stop,0,0,World record pit stop,0,4,4
