id,abbreviation,type,isActive,color,price,totalPoints,nnTotalPoints,priceChange,percentOwned,x2PercentOwned,constructorId,pointsPerMillion,sprintPosition,sprintFastestLap,sprintPositionsGained,sprintOvertakes,sprintDnf,qualifyingPosition,racePosition,raceFastestLap,raceDnf,racePositionsGained,raceOvertakes,raceDriverOfTheDay,sessionResult.positionPoints.points,sessionResult.positionPoints.text,sessionResult.positionPoints.nnPoints,sessionResult.notClassifiedPoints.points,sessionResult.notClassifiedPoints.text,sessionResult.notClassifiedPoints.nnPoints,sessionResult.disqualifiedPoints.points,sessionResult.disqualifiedPoints.text,sessionResult.disqualifiedPoints.nnPoints,sessionResult.totalPoints.points,sessionResult.totalPoints.text,sessionResult.totalPoints.nnPoints,sessionResult.teamworkPoints.points,sessionResult.teamworkPoints.text,sessionResult.teamworkPoints.nnPoints,sessionPoints,sessionNnPoints,raceOverallFastestPitStop
ALP_COL,COL,driver,True,#ff87bc,4.5,1,4,0,9,0,ALP,0.2222222222222222,,,,,,16,19,False,False,-3,4,False,0,16th place,0,0,Not Classified,0,0,Disqualified,0,0,Qualifying Points,0,0,,0,0,0,
ALP_DOO,DOO,driver,False,#ff87bc,4.5,-25,0,0,9,0,ALP,-5.555555555555555,,,,,,,,False,,0,0,False,0,Not Classified,0,-5,Not Classified,0,0,Disqualified,0,-5,Qualifying Points,0,0,,0,-5,0,
ALP_GAS,GAS,driver,True,#ff87bc,4.5,5,5,0,18,0,ALP,1.1111111111111112,,,,,,18,18,False,False,0,5,False,0,18th place,0,0,Not Classified,0,0,Disqualified,0,0,Qualifying Points,0,0,,0,0,0,
AST_ALO,ALO,driver,True,#006f62,7.9,-3,1,-0.6,36,1,AST,-0.37974683544303794,,,,,,11,15,False,False,-4,1,False,0,11th place,0,0,Not Classified,0,0,Disqualified,0,0,Qualifying Points,0,0,,0,0,0,
AST_STR,STR,driver,True,#006f62,10.5,-2,1,-0.6,10,0,AST,-0.19047619047619047,,,,,,14,17,False,False,-3,1,False,0,14th place,0,0,Not Classified,0,0,Disqualified,0,0,Qualifying Points,0,0,,0,0,0,
FER_HAM,HAM,driver,True,#dc0000,23.2,12,12,-0.3,11,7,FER,0.5172413793103449,,,,,,12,8,False,False,4,4,False,0,12th place,0,0,Not Classified,0,0,Disqualified,0,0,Qualifying Points,0,0,,0,0,0,
FER_LEC,LEC,driver,True,#dc0000,23.3,6,6,-0.3,14,9,FER,0.2575107296137339,,,,,,10,9,False,False,1,2,False,1,10th place,1,0,Not Classified,0,0,Disqualified,0,1,Qualifying Points,1,0,,0,1,1,
HAA_BEA,BEA,driver,True,#ffffff,6.7,6,6,0.6,43,1,HAA,0.8955223880597015,,,,,,15,12,False,False,3,3,False,0,15th place,0,0,Not Classified,0,0,Disqualified,0,0,Qualifying Points,0,0,,0,0,0,
HAA_OCO,OCO,driver,True,#ffffff,8.5,6,11,-0.2,23,0,HAA,0.7058823529411765,,,,,,DQ,14,False,False,6,5,False,0,Not Classified,0,0,Not Classified,0,-5,Disqualified,0,-5,Qualifying Points,0,0,,0,-5,0,
KCK_BOR,BOR,driver,True,#00E701,5.7,7,7,0.2,27,0,KCK,1.2280701754385965,,,,,,13,11,False,False,2,5,False,0,13th place,0,0,Not Classified,0,0,Disqualified,0,0,Qualifying Points,0,0,,0,0,0,
KCK_HUL,HUL,driver,True,#00E701,9.2,4,4,-0.6,32,1,KCK,0.4347826086956522,,,,,,17,16,False,False,1,3,False,0,17th place,0,0,Not Classified,0,0,Disqualified,0,0,Qualifying Points,0,0,,0,0,0,
MCL_NOR,NOR,driver,True,#ff9800,31.2,12,12,-0.3,22,18,MCL,0.38461538461538464,,,,,,7,7,False,False,0,2,False,4,7th place,4,0,Not Classified,0,0,Disqualified,0,4,Qualifying Points,4,0,,0,4,4,
MCL_PIA,PIA,driver,True,#ff9800,27,-16,4,-0.1,40,32,MCL,-0.5925925925925926,,,,,,9,NC,False,True,0,2,False,2,9th place,2,0,Not Classified,0,0,Disqualified,0,2,Qualifying Points,2,0,,0,2,2,
MER_ANT,ANT,driver,True,#00d2be,15.1,22,22,-0.2,19,4,MER,1.456953642384106,,,,,,4,4,False,False,0,3,False,7,4th place,7,0,Not Classified,0,0,Disqualified,0,7,Qualifying Points,7,0,,0,7,7,
MER_RUS,RUS,driver,True,#00d2be,22.6,30,30,0.1,11,4,MER,1.327433628318584,,,,,,5,2,False,False,3,3,False,6,5th place,6,0,Not Classified,0,0,Disqualified,0,6,Qualifying Points,6,0,,0,6,6,
RED_LAW,LAW,driver,False,#0600ef,16.8,-25,0,0,2,0,RED,-1.4880952380952381,,,,,,,,False,,0,0,False,0,Not Classified,0,-5,Not Classified,0,0,Disqualified,0,-5,Qualifying Points,0,0,,0,-5,0,
RED_TSU,TSU,driver,True,#0600ef,10,15,15,-0.2,5,0,RED,1.5,,,,,,6,6,False,False,0,2,False,5,6th place,5,0,Not Classified,0,0,Disqualified,0,5,Qualifying Points,5,0,,0,5,5,
RED_VER,VER,driver,True,#0600ef,28.2,45,45,0.3,17,13,RED,1.5957446808510638,,,,,,1,1,True,False,0,0,False,10,Pole position,10,0,Not Classified,0,0,Disqualified,0,10,Qualifying Points,10,0,,0,10,10,
VRB_HAD,HAD,driver,True,#6692ff,6.3,4,6,0.6,56,1,VRB,0.6349206349206349,,,,,,8,10,False,False,-2,2,False,3,8th place,3,0,Not Classified,0,0,Disqualified,0,3,Qualifying Points,3,0,,0,3,3,
VRB_LAW,LAW,driver,True,#6692ff,5.3,17,19,0.6,12,0,VRB,3.207547169811321,,,,,,3,5,False,False,-2,1,False,8,3rd place,8,0,Not Classified,0,0,Disqualified,0,8,Qualifying Points,8,0,,0,8,8,
VRB_TSU,TSU,driver,False,#6692ff,8.4,-25,0,0,11,0,VRB,-2.9761904761904763,,,,,,,,False,,0,0,False,0,Not Classified,0,-5,Not Classified,0,0,Disqualified,0,-5,Qualifying Points,0,0,,0,-5,0,
WIL_ALB,ALB,driver,True,#005aff,12.4,13,13,0.6,30,2,WIL,1.0483870967741935,,,,,,19,13,False,False,6,7,False,0,19th place,0,0,Not Classified,0,0,Disqualified,0,0,Qualifying Points,0,0,,0,0,0,
WIL_SAI,SAI,driver,True,#005aff,5.1,33,34,0.6,41,4,WIL,6.470588235294118,,,,,,2,3,False,False,-1,0,True,9,2nd place,9,0,Not Classified,0,0,Disqualified,0,9,Qualifying Points,9,0,,0,9,9,
ALP,ALP,constructor,,#ff87bc,7.9,7,11,0.2,11,,,0.8860759493670886,,,,,,,,False,0,-3,9,,0,Not Classified,0,0,Not Classified,0,0,Disqualified,0,-1,Qualifying Points,0,-1,Neither driver reached Q2,0,-1,0,False
AST,AST,constructor,,#006f62,12.5,-2,5,-0.2,16,,,-0.16,,,,,,,,False,0,-7,2,,0,Not Classified,0,0,Not Classified,0,0,Disqualified,0,3,Qualifying Points,3,3,Both drivers reached Q2,3,3,3,False
FER,FER,constructor,,#dc0000,30.5,28,28,0.1,21,,,0.9180327868852459,,,,,,,,False,0,5,6,,1,Not Classified,1,0,Not Classified,0,0,Disqualified,0,6,Qualifying Points,6,5,One driver reached Q3,5,6,6,False
HAA,HAA,constructor,,#ffffff,12.6,13,23,0.6,19,,,1.0317460317460319,,,,,,,,False,0,9,8,,0,Not Classified,0,0,Not Classified,0,-10,Disqualified,0,-9,Qualifying Points,1,1,One driver reached Q2,1,-9,1,False
KCK,KCK,constructor,,#00E701,10.5,17,17,0.2,15,,,1.619047619047619,,,,,,,,False,0,3,8,,0,Not Classified,0,0,Not Classified,0,0,Disqualified,0,1,Qualifying Points,1,1,One driver reached Q2,1,1,1,False
MCL,MCL,constructor,,#ff9800,34.8,6,26,0.3,40,,,0.1724137931034483,,,,,,,,False,1,0,4,,6,Not Classified,6,0,Not Classified,0,0,Disqualified,0,16,Qualifying Points,16,10,Both drivers reached Q3,10,16,16,False
MER,MER,constructor,,#00d2be,26.3,67,67,0.3,17,,,2.547528517110266,,,,,,,,False,0,3,6,,13,Not Classified,13,0,Not Classified,0,0,Disqualified,0,23,Qualifying Points,23,10,Both drivers reached Q3,10,23,23,False
RED,RED,constructor,,#0600ef,29,85,85,0.3,10,,,2.9310344827586206,,,,,,,,True,0,0,2,,15,Not Classified,15,0,Not Classified,0,0,Disqualified,0,25,Qualifying Points,25,10,Both drivers reached Q3,10,25,25,True
VRB,VRB,constructor,,#6692ff,12.4,41,45,0.6,26,,,3.3064516129032255,,,,,,,,False,0,-4,3,,11,Not Classified,11,0,Not Classified,0,0,Disqualified,0,21,Qualifying Points,21,10,Both drivers reached Q3,10,21,21,False
WIL,WIL,constructor,,#005aff,16.7,46,46,0.6,25,,,2.754491017964072,,,,,,,,False,0,5,7,,9,Not Classified,9,0,Not Classified,0,0,Disqualified,0,14,Qualifying Points,14,5,One driver reached Q3,5,14,14,False
