id,abbreviation,type,color,price,totalPoints,nnTotalPoints,priceChange,percentOwned,pointsPerMillion,sprintPosition,sprintFastestLap,sprintPositionsGained,sprintOvertakes,sprintDnf,qualifyingPosition,racePosition,raceFastestLap,raceDnf,racePositionsGained,raceOvertakes,raceOverallFastestPitStop,sessionResult.positionPoints.points,sessionResult.positionPoints.text,sessionResult.positionPoints.nnPoints,sessionResult.notClassifiedPoints.points,sessionResult.notClassifiedPoints.text,sessionResult.notClassifiedPoints.nnPoints,sessionResult.disqualifiedPoints.points,sessionResult.disqualifiedPoints.text,sessionResult.disqualifiedPoints.nnPoints,sessionResult.totalPoints.points,sessionResult.totalPoints.text,sessionResult.totalPoints.nnPoints,sessionResult.teamworkPoints.points,sessionResult.teamworkPoints.text,sessionResult.teamworkPoints.nnPoints,sessionPoints,sessionNnPoints
ALF,ALF,constructor,#900000,5.9,11,11,0,5,1.8644067796610169,,,,,,,,False,0,8,1,False,0,Not Classified,0,0,Not Classified,0,0,Disqualified,0,1,Qualifying Points,1,1,One driver reached Q2,1,1,1
ALP,ALP,constructor,#0090ff,10,24,24,0.5,10,2.4,,,,,,,,False,0,1,9,False,5,Not Classified,5,0,Not Classified,0,0,Disqualified,0,10,Qualifying Points,10,5,One driver reached Q3,5,10,10
ALT,ALT,constructor,#2b4562,6,6,6,0,2,1,,,,,,,,False,0,4,3,False,0,Not Classified,0,0,Not Classified,0,0,Disqualified,0,-1,Qualifying Points,0,-1,Neither driver reached Q2,0,-1,0
AST,AST,constructor,#006f62,7,46,46,1,75,6.571428571428571,,,,,,,,False,0,7,6,False,8,Not Classified,8,0,Not Classified,0,0,Disqualified,0,13,Qualifying Points,13,5,One driver reached Q3,5,13,13
FER,FER,constructor,#dc0000,22.2,46,46,0.3,24,2.0720720720720722,,,,,,,,False,0,12,4,False,3,Not Classified,3,0,Not Classified,0,0,Disqualified,0,8,Qualifying Points,8,5,One driver reached Q3,5,8,8
HAA,HAA,constructor,#ffffff,5,4,4,0,5,0.8,,,,,,,,False,0,-14,4,False,9,Not Classified,9,0,Not Classified,0,0,Disqualified,0,14,Qualifying Points,14,5,One driver reached Q3,5,14,14
MCL,MCL,constructor,#FF9800,8.8,15,15,0.5,7,1.7045454545454544,,,,,,,,False,0,-9,8,False,6,Not Classified,6,0,Not Classified,0,0,Disqualified,0,16,Qualifying Points,16,10,Both drivers reached Q3,10,16,16
MER,MER,constructor,#00d2be,25.2,21,21,0,13,0.8333333333333334,,,,,,,,False,1,0,3,False,13,Not Classified,13,0,Not Classified,0,0,Disqualified,0,23,Qualifying Points,23,10,Both drivers reached Q3,10,23,23
RED,RED,constructor,#0600ef,27.9,86,86,0.2,57,3.0824372759856633,,,,,,,,True,0,6,4,False,10,Not Classified,10,0,Not Classified,0,0,Disqualified,0,15,Qualifying Points,15,5,One driver reached Q3,5,15,15
WIL,WIL,constructor,#005aff,4.5,-2,0,0,2,-0.4444444444444444,,,,,,,,False,1,2,4,False,1,Not Classified,1,0,Not Classified,0,0,Disqualified,0,6,Qualifying Points,6,5,One driver reached Q3,5,6,6
