id,abbreviation,type,isActive,color,price,totalPoints,nnTotalPoints,priceChange,percentOwned,x2PercentOwned,constructorId,pointsPerMillion,sprintPosition,sprintFastestLap,sprintPositionsGained,sprintOvertakes,sprintDnf,qualifyingPosition,racePosition,raceFastestLap,raceDnf,racePositionsGained,raceOvertakes,raceDriverOfTheDay,sessionResult.positionPoints.points,sessionResult.positionPoints.text,sessionResult.positionPoints.nnPoints,sessionResult.notClassifiedPoints.points,sessionResult.notClassifiedPoints.text,sessionResult.notClassifiedPoints.nnPoints,sessionResult.disqualifiedPoints.points,sessionResult.disqualifiedPoints.text,sessionResult.disqualifiedPoints.nnPoints,sessionResult.totalPoints.points,sessionResult.totalPoints.text,sessionResult.totalPoints.nnPoints,sessionResult.fastestLapPoints.points,sessionResult.fastestLapPoints.text,sessionResult.fastestLapPoints.nnPoints,sessionResult.overtakes.points,sessionResult.overtakes.text,sessionResult.overtakes.nnPoints,sessionResult.positionsGained.points,sessionResult.positionsGained.text,sessionResult.positionsGained.nnPoints,sessionResult.dotdPoints.points,sessionResult.dotdPoints.text,sessionResult.dotdPoints.nnPoints,sessionResult.fastestPitStopPoints.points,sessionResult.fastestPitStopPoints.text,sessionResult.fastestPitStopPoints.nnPoints,sessionResult.overallFastestPitStopPoints.points,sessionResult.overallFastestPitStopPoints.text,sessionResult.overallFastestPitStopPoints.nnPoints,sessionResult.worldRecordPitStopPoints.points,sessionResult.worldRecordPitStopPoints.text,sessionResult.worldRecordPitStopPoints.nnPoints,sessionPoints,sessionNnPoints
ALP_GAS,GAS,driver,True,#ff87bc,8.1,14,14,1,26,0,ALP,1.7283950617283952,,,,,,15,9,False,False,6,6,False,2,9th place,2,0,Not Classified,0,0,Disqualified,0,14,Race Points,14,0,Fastest Lap,0,6,6 overtakes made,6,6,6 positions gained,6,0,Driver of the Day,0,0,,0,0,Overall fastest pit stop,0,0,World record pit stop,0,14,14
ALP_OCO,OCO,driver,True,#ff87bc,9.2,16,16,1,14,0,ALP,1.7391304347826089,,,,,,18,10,False,False,8,7,False,1,10th place,1,0,Not Classified,0,0,Disqualified,0,16,Race Points,16,0,Fastest Lap,0,7,7 overtakes made,7,8,8 positions gained,8,0,Driver of the Day,0,0,,0,0,Overall fastest pit stop,0,0,World record pit stop,0,16,16
AST_ALO,ALO,driver,True,#006f62,16.4,14,14,0.3,30,5,AST,0.853658536585366,,,,,,6,6,False,False,0,1,False,8,6th place,8,0,Not Classified,0,0,Disqualified,0,9,Race Points,9,0,Fastest Lap,0,1,1 overtake made,1,0,No positions gained or lost,0,0,Driver of the Day,0,0,,0,0,Overall fastest pit stop,0,0,World record pit stop,0,9,9
AST_STR,STR,driver,True,#006f62,13.2,14,14,1,14,0,AST,1.0606060606060606,,,,,,9,7,False,False,2,4,False,6,7th place,6,0,Not Classified,0,0,Disqualified,0,12,Race Points,12,0,Fastest Lap,0,4,4 overtakes made,4,2,2 positions gained,2,0,Driver of the Day,0,0,,0,0,Overall fastest pit stop,0,0,World record pit stop,0,12,12
FER_BEA,BEA,driver,False,#dc0000,15,0,0,0,1,0,FER,0,,,,,,,,False,,0,0,False,0,Not Classified,0,0,Not Classified,0,0,Disqualified,0,0,Race Points,0,0,Fastest Lap,0,0,No overtakes made,0,0,No positions gained or lost,0,0,Driver of the Day,0,0,,0,0,Overall fastest pit stop,0,0,World record pit stop,0,0,0
FER_LEC,LEC,driver,True,#dc0000,23.6,-16,4,-0.5,33,17,FER,-0.6779661016949152,,,,,,11,NC,False,True,0,4,False,0,Not Classified,0,-20,Not Classified,0,0,Disqualified,0,-16,Race Points,4,0,Fastest Lap,0,4,4 overtakes made,4,0,No positions gained or lost,0,0,Driver of the Day,0,0,,0,0,Overall fastest pit stop,0,0,World record pit stop,0,-16,4
FER_SAI,SAI,driver,True,#dc0000,22,-16,4,-0.5,22,8,FER,-0.7272727272727273,,,,,,12,NC,False,True,0,4,False,0,Not Classified,0,-20,Not Classified,0,0,Disqualified,0,-16,Race Points,4,0,Fastest Lap,0,4,4 overtakes made,4,0,No positions gained or lost,0,0,Driver of the Day,0,0,,0,0,Overall fastest pit stop,0,0,World record pit stop,0,-16,4
HAA_HUL,HUL,driver,True,#ffffff,7.8,19,19,1,32,0,HAA,2.435897435897436,,,,,,19,11,False,False,6,13,False,0,11th place,0,0,Not Classified,0,0,Disqualified,0,19,Race Points,19,0,Fastest Lap,0,13,13 overtakes made,13,6,6 positions gained,6,0,Driver of the Day,0,0,,0,0,Overall fastest pit stop,0,0,World record pit stop,0,19,19
HAA_MAG,MAG,driver,True,#ffffff,8.9,14,14,1,22,0,HAA,1.5730337078651684,,,,,,14,12,False,False,2,12,False,0,12th place,0,0,Not Classified,0,0,Disqualified,0,14,Race Points,14,0,Fastest Lap,0,12,12 overtakes made,12,2,2 positions gained,2,0,Driver of the Day,0,0,,0,0,Overall fastest pit stop,0,0,World record pit stop,0,14,14
KCK_BOT,BOT,driver,True,#00E701,7.5,8,8,0.5,27,0,KCK,1.0666666666666667,,,,,,17,13,False,False,6,2,False,0,13th place,0,0,Not Classified,0,0,Disqualified,0,8,Race Points,8,0,Fastest Lap,0,2,2 overtakes made,2,6,6 positions gained,6,0,Driver of the Day,0,0,,0,0,Overall fastest pit stop,0,0,World record pit stop,0,8,8
KCK_ZHO,ZHO,driver,True,#00E701,7.4,6,6,0.5,15,0,KCK,0.8108108108108107,,,,,,20,15,False,False,5,1,False,0,15th place,0,0,Not Classified,0,0,Disqualified,0,6,Race Points,6,0,Fastest Lap,0,1,1 overtake made,1,5,5 positions gained,5,0,Driver of the Day,0,0,,0,0,Overall fastest pit stop,0,0,World record pit stop,0,6,6
MCL_NOR,NOR,driver,True,#ff9800,25.6,40,40,0.2,23,13,MCL,1.5625,,,,,,3,2,False,False,1,3,True,18,2nd place,18,0,Not Classified,0,0,Disqualified,0,32,Race Points,32,0,Fastest Lap,0,3,3 overtakes made,3,1,1 position gained,1,10,Driver of the Day,10,0,,0,0,Overall fastest pit stop,0,0,World record pit stop,0,32,32
MCL_PIA,PIA,driver,True,#ff9800,21.3,17,18,0.3,17,4,MCL,0.7981220657276995,,,,,,4,5,False,False,-1,1,False,10,5th place,10,0,Not Classified,0,0,Disqualified,0,10,Race Points,11,0,Fastest Lap,0,1,1 overtake made,1,-1,1 position lost,0,0,Driver of the Day,0,0,,0,0,Overall fastest pit stop,0,0,World record pit stop,0,10,11
MER_HAM,HAM,driver,True,#00d2be,20.4,32,32,1,16,7,MER,1.5686274509803924,,,,,,7,4,True,False,3,3,False,12,4th place,12,0,Not Classified,0,0,Disqualified,0,28,Race Points,28,10,Fastest Lap,10,3,3 overtakes made,3,3,3 positions gained,3,0,Driver of the Day,0,0,,0,0,Overall fastest pit stop,0,0,World record pit stop,0,28,28
MER_RUS,RUS,driver,True,#00d2be,20.5,27,29,0.3,10,2,MER,1.3170731707317074,,,,,,1,3,False,False,-2,4,False,15,3rd place,15,0,Not Classified,0,0,Disqualified,0,17,Race Points,19,0,Fastest Lap,0,4,4 overtakes made,4,-2,2 positions lost,0,0,Driver of the Day,0,0,,0,0,Overall fastest pit stop,0,0,World record pit stop,0,17,19
RED_PER,PER,driver,True,#0600ef,22.9,-17,3,-0.5,10,5,RED,-0.7423580786026202,,,,,,16,NC,False,True,0,3,False,0,Not Classified,0,-20,Not Classified,0,0,Disqualified,0,-17,Race Points,3,0,Fastest Lap,0,3,3 overtakes made,3,0,No positions gained or lost,0,0,Driver of the Day,0,0,,0,0,Overall fastest pit stop,0,0,World record pit stop,0,-17,3
RED_VER,VER,driver,True,#0600ef,30.5,37,37,0.2,43,35,RED,1.2131147540983607,,,,,,2,1,False,False,1,2,False,25,1st place,25,0,Not Classified,0,0,Disqualified,0,28,Race Points,28,0,Fastest Lap,0,2,2 overtakes made,2,1,1 position gained,1,0,Driver of the Day,0,0,,0,0,Overall fastest pit stop,0,0,World record pit stop,0,28,28
VRB_RIC,RIC,driver,True,#6692ff,8.9,9,12,0.5,37,1,VRB,1.0112359550561798,,,,,,5,8,False,False,-3,2,False,4,8th place,4,0,Not Classified,0,0,Disqualified,0,3,Race Points,6,0,Fastest Lap,0,2,2 overtakes made,2,-3,3 positions lost,0,0,Driver of the Day,0,0,,0,0,Overall fastest pit stop,0,0,World record pit stop,0,3,6
VRB_TSU,TSU,driver,True,#6692ff,9.8,0,6,-0.2,38,1,VRB,0,,,,,,8,14,False,False,-6,3,False,0,14th place,0,0,Not Classified,0,0,Disqualified,0,-3,Race Points,3,0,Fastest Lap,0,3,3 overtakes made,3,-6,6 positions lost,0,0,Driver of the Day,0,0,,0,0,Overall fastest pit stop,0,0,World record pit stop,0,-3,3
WIL_ALB,ALB,driver,True,#005aff,8.3,-12,8,-0.2,49,1,WIL,-1.4457831325301203,,,,,,10,NC,False,True,0,7,False,0,Not Classified,0,-20,Not Classified,0,0,Disqualified,0,-13,Race Points,7,0,Fastest Lap,0,7,7 overtakes made,7,0,No positions gained or lost,0,0,Driver of the Day,0,0,,0,0,Overall fastest pit stop,0,0,World record pit stop,0,-13,7
WIL_SAR,SAR,driver,True,#005aff,5.8,-19,1,-0.2,21,0,WIL,-3.2758620689655173,,,,,,13,NC,False,True,0,1,False,0,Not Classified,0,-20,Not Classified,0,0,Disqualified,0,-19,Race Points,1,0,Fastest Lap,0,1,1 overtake made,1,0,No positions gained or lost,0,0,Driver of the Day,0,0,,0,0,Overall fastest pit stop,0,0,World record pit stop,0,-19,1
